3d06,nightmare_before_christmas
40yearoldvirgin,
aliceinwonderland10,1221547-alice_in_wonderland
anchorman2r,anchorman_2_the_legend_continues
babygeniuses2,super_babies_baby_geniuses_2
barnyard,barnyard
batman2012,batman_begins
beautiful,1100122-beautiful
beautybeastimax,beauty_and_the_beast_1991
bodyguard2011,the_bodyguard_2011
breakingdawn,twilight_saga_breaking_dawn
daddyslittlegirls,daddys_little_girls
darkknight2012,the_dark_knight
diaryofamadblackwoman,diary_of_a_mad_black_woman
don,1168380-don
dracula2000,dracula_2000
earth09,1197228-earth
et20th,et_the_extraterrestrial
ex,fast-track-the-ex
exorcist00,exorcist
familythatpreys,the-family-that-preys
fantasia2000,fantasia_2000
feardotcom,feardotcom_2002
ghostbusters2014,ghostbusters
ghostsoftheabyss,ghosts_of_the_abyss
icandobadallbymyself,i-can-do-bad-all-by-myself
insurgent,insurgent
jurassicpark3d,jurassic_park
kidthe,the-kid
kingsspeechpg13,the_kings_speech
landofthedead,land_of_the_dead
lego,the_lego_movie
lionking3d,the_lion_king
madeagoestojail,madea-goes-to-jail
madeasbighappyfamily,madeas_big_happy_family
madeasfamilyreunion,madeas_family_reunion
madeaswitnessprotection,madeas_witness_protection
man,the-man
meetthebrowns,meet-the-browns2008
mib3,men_in_black_iii
nbc3d07,nightmare_before_christmas
ongbak,ongbak
pathfinder,pathfinder
peacefulwarrior07,peaceful_warrior
pinkpanther2,pink_panther_2
polarexpressimax,polar_express
singinintherain2012,singin_in_the_rain
singlemomsclub,the_single_moms_club
starwars2imax,star_wars_episode_ii_attack_of_the_clones_3d
starwars3d,star_wars_episode_i_the_phantom_menace
they,1115907-1115907-they
titanic3d,titanic
todolist,the_to_do_list
vanwilder2,van_wilder_2
war07,war-2007
wethepeeples,peeples
whydidigetmarried,why_did_i_get_married
whydidigetmarriedtoo,why_did_i_get_married_too
wizardofozimax,the_wizard_of_oz_1939
xmen,xmen